1,study_id,descriptiveId,state,sessionId,taskName,studyId,versionId,createdDate
"{useragent:""null""}",44,mgr,Develop,275,_session_data,011bf685025d7ad1fb81f4043f264b91953b492f,3198cf390c2187565175b28467e8493e31c22801,Wed Oct 27 2021 12:41:31 GMT+0300 (Israel Daylight Time)
"{useragent:""null""}",44,mgr,Develop,278,_session_data,011bf685025d7ad1fb81f4043f264b91953b492f,3198cf390c2187565175b28467e8493e31c22801,Tue May 17 2022 10:28:45 GMT+0300 (Israel Daylight Time)
"{useragent:""null""}",44,mgr,Develop,280,_session_data,011bf685025d7ad1fb81f4043f264b91953b492f,3198cf390c2187565175b28467e8493e31c22801,Mon May 30 2022 10:48:15 GMT+0300 (Israel Daylight Time)
"{useragent:""null""}",44,mgr,Develop,281,_session_data,011bf685025d7ad1fb81f4043f264b91953b492f,3198cf390c2187565175b28467e8493e31c22801,Mon May 30 2022 10:49:41 GMT+0300 (Israel Daylight Time)
"{useragent:""null""}",44,mgr,Develop,282,_session_data,011bf685025d7ad1fb81f4043f264b91953b492f,3198cf390c2187565175b28467e8493e31c22801,Mon May 30 2022 10:51:38 GMT+0300 (Israel Daylight Time)
"{useragent:""null""}",44,mgr,Develop,283,_session_data,011bf685025d7ad1fb81f4043f264b91953b492f,3198cf390c2187565175b28467e8493e31c22801,Mon May 30 2022 11:38:11 GMT+0300 (Israel Daylight Time)
"{useragent:""null""}",44,mgr,Develop,284,_session_data,011bf685025d7ad1fb81f4043f264b91953b492f,3198cf390c2187565175b28467e8493e31c22801,Mon May 30 2022 11:38:17 GMT+0300 (Israel Daylight Time)
"{useragent:""null""}",44,mgr,Develop,285,_session_data,011bf685025d7ad1fb81f4043f264b91953b492f,3198cf390c2187565175b28467e8493e31c22801,Mon May 30 2022 11:40:21 GMT+0300 (Israel Daylight Time)
"{useragent:""null""}",44,mgr,Develop,286,_session_data,011bf685025d7ad1fb81f4043f264b91953b492f,3198cf390c2187565175b28467e8493e31c22801,Mon May 30 2022 11:49:07 GMT+0300 (Israel Daylight Time)
"{useragent:""null""}",44,mgr,Develop,287,_session_data,011bf685025d7ad1fb81f4043f264b91953b492f,3198cf390c2187565175b28467e8493e31c22801,Mon May 30 2022 12:19:48 GMT+0300 (Israel Daylight Time)
"{useragent:""null""}",44,mgr,Develop,288,_session_data,011bf685025d7ad1fb81f4043f264b91953b492f,3198cf390c2187565175b28467e8493e31c22801,Mon May 30 2022 12:33:23 GMT+0300 (Israel Daylight Time)
"{useragent:""null""}",44,mgr,Develop,289,_session_data,011bf685025d7ad1fb81f4043f264b91953b492f,3198cf390c2187565175b28467e8493e31c22801,Mon May 30 2022 13:18:50 GMT+0300 (Israel Daylight Time)
"{useragent:""null""}",44,mgr,Develop,290,_session_data,011bf685025d7ad1fb81f4043f264b91953b492f,3198cf390c2187565175b28467e8493e31c22801,Mon May 30 2022 13:20:32 GMT+0300 (Israel Daylight Time)
"{useragent:""null""}",44,mgr,Develop,291,_session_data,011bf685025d7ad1fb81f4043f264b91953b492f,3198cf390c2187565175b28467e8493e31c22801,Thu Jun 02 2022 10:01:18 GMT+0300 (Israel Daylight Time)
"{useragent:""null""}",44,mgr,Develop,292,_session_data,011bf685025d7ad1fb81f4043f264b91953b492f,3198cf390c2187565175b28467e8493e31c22801,Thu Jun 02 2022 12:04:20 GMT+0300 (Israel Daylight Time)
"{useragent:""null""}",44,mgr,Develop,293,_session_data,011bf685025d7ad1fb81f4043f264b91953b492f,3198cf390c2187565175b28467e8493e31c22801,Thu Jun 02 2022 12:08:13 GMT+0300 (Israel Daylight Time)
"{useragent:""null""}",44,mgr,Develop,294,_session_data,011bf685025d7ad1fb81f4043f264b91953b492f,3198cf390c2187565175b28467e8493e31c22801,Thu Jun 02 2022 12:19:08 GMT+0300 (Israel Daylight Time)
"{useragent:""null""}",44,mgr,Develop,295,_session_data,011bf685025d7ad1fb81f4043f264b91953b492f,3198cf390c2187565175b28467e8493e31c22801,Thu Jun 02 2022 12:22:08 GMT+0300 (Israel Daylight Time)
"{useragent:""null""}",44,mgr,Develop,296,_session_data,011bf685025d7ad1fb81f4043f264b91953b492f,3198cf390c2187565175b28467e8493e31c22801,Thu Jun 02 2022 12:25:19 GMT+0300 (Israel Daylight Time)
"{useragent:""null""}",44,mgr,Develop,297,_session_data,011bf685025d7ad1fb81f4043f264b91953b492f,3198cf390c2187565175b28467e8493e31c22801,Thu Jun 02 2022 12:30:10 GMT+0300 (Israel Daylight Time)
"{useragent:""null""}",44,mgr,Develop,298,_session_data,011bf685025d7ad1fb81f4043f264b91953b492f,3198cf390c2187565175b28467e8493e31c22801,Thu Jun 02 2022 12:30:18 GMT+0300 (Israel Daylight Time)
"{useragent:""null""}",44,mgr,Develop,300,_session_data,011bf685025d7ad1fb81f4043f264b91953b492f,3198cf390c2187565175b28467e8493e31c22801,Fri Jun 17 2022 10:12:54 GMT+0300 (Israel Daylight Time)
"{useragent:""null""}",44,mgr,Develop,303,_session_data,011bf685025d7ad1fb81f4043f264b91953b492f,3198cf390c2187565175b28467e8493e31c22801,Fri Jun 17 2022 10:14:55 GMT+0300 (Israel Daylight Time)
