sessionId,studyId,versionId,taskName,taskNumber,taskURL,createdDate,name,serial,latency,pristineLatency,declined,submitLatency
293,011bf685025d7ad1fb81f4043f264b91953b492f,3198cf390c2187565175b28467e8493e31c22801,explicits,2,explicits.js,Thu Jun 02 2022 12:08:51 GMT+0300 (Israel Daylight Time),att7,0,18557.10000000894,18557.10000000894,true,20046.5
293,011bf685025d7ad1fb81f4043f264b91953b492f,3198cf390c2187565175b28467e8493e31c22801,explicits,2,explicits.js,Thu Jun 02 2022 12:08:51 GMT+0300 (Israel Daylight Time),Told_0to10,1,,,true,10791.39999999106
293,011bf685025d7ad1fb81f4043f264b91953b492f,3198cf390c2187565175b28467e8493e31c22801,explicits,2,explicits.js,Thu Jun 02 2022 12:08:51 GMT+0300 (Israel Daylight Time),Tyoung_0to10,2,,,true,767.5
293,011bf685025d7ad1fb81f4043f264b91953b492f,3198cf390c2187565175b28467e8493e31c22801,explicits,2,explicits.js,Thu Jun 02 2022 12:08:51 GMT+0300 (Israel Daylight Time),othersthink,3,,,true,1267.800000011921
293,011bf685025d7ad1fb81f4043f264b91953b492f,3198cf390c2187565175b28467e8493e31c22801,explicits,2,explicits.js,Thu Jun 02 2022 12:08:51 GMT+0300 (Israel Daylight Time),feel,4,,,true,572.5
293,011bf685025d7ad1fb81f4043f264b91953b492f,3198cf390c2187565175b28467e8493e31c22801,explicits,2,explicits.js,Thu Jun 02 2022 12:08:51 GMT+0300 (Israel Daylight Time),choosetobe,5,,,true,491
293,011bf685025d7ad1fb81f4043f264b91953b492f,3198cf390c2187565175b28467e8493e31c22801,explicits,2,explicits.js,Thu Jun 02 2022 12:08:51 GMT+0300 (Israel Daylight Time),hopetolive,6,,,true,525.6000000089407
293,011bf685025d7ad1fb81f4043f264b91953b492f,3198cf390c2187565175b28467e8493e31c22801,explicits,2,explicits.js,Thu Jun 02 2022 12:08:51 GMT+0300 (Israel Daylight Time),ctoya,7,,,true,749.9000000059605
293,011bf685025d7ad1fb81f4043f264b91953b492f,3198cf390c2187565175b28467e8493e31c22801,explicits,2,explicits.js,Thu Jun 02 2022 12:08:51 GMT+0300 (Israel Daylight Time),yatoa,8,,,true,533.5
293,011bf685025d7ad1fb81f4043f264b91953b492f,3198cf390c2187565175b28467e8493e31c22801,explicits,2,explicits.js,Thu Jun 02 2022 12:08:51 GMT+0300 (Israel Daylight Time),atoma,9,,,true,497.8999999910593
293,011bf685025d7ad1fb81f4043f264b91953b492f,3198cf390c2187565175b28467e8493e31c22801,explicits,2,explicits.js,Thu Jun 02 2022 12:08:51 GMT+0300 (Israel Daylight Time),matoo,10,,,true,516.1000000089407
294,011bf685025d7ad1fb81f4043f264b91953b492f,3198cf390c2187565175b28467e8493e31c22801,explicits,2,explicits.js,Thu Jun 02 2022 12:19:17 GMT+0300 (Israel Daylight Time),Told_0to10,0,,,true,1672.2000000029802
294,011bf685025d7ad1fb81f4043f264b91953b492f,3198cf390c2187565175b28467e8493e31c22801,explicits,2,explicits.js,Thu Jun 02 2022 12:19:17 GMT+0300 (Israel Daylight Time),Tyoung_0to10,1,,,true,393.29999999701977
294,011bf685025d7ad1fb81f4043f264b91953b492f,3198cf390c2187565175b28467e8493e31c22801,explicits,2,explicits.js,Thu Jun 02 2022 12:19:17 GMT+0300 (Israel Daylight Time),att7,2,,,true,1343.2000000029802
294,011bf685025d7ad1fb81f4043f264b91953b492f,3198cf390c2187565175b28467e8493e31c22801,explicits,2,explicits.js,Thu Jun 02 2022 12:19:17 GMT+0300 (Israel Daylight Time),ctoya,3,,,true,941.0999999940395
294,011bf685025d7ad1fb81f4043f264b91953b492f,3198cf390c2187565175b28467e8493e31c22801,explicits,2,explicits.js,Thu Jun 02 2022 12:19:17 GMT+0300 (Israel Daylight Time),yatoa,4,,,true,496.30000001192093
294,011bf685025d7ad1fb81f4043f264b91953b492f,3198cf390c2187565175b28467e8493e31c22801,explicits,2,explicits.js,Thu Jun 02 2022 12:19:17 GMT+0300 (Israel Daylight Time),atoma,5,,,true,464.79999999701977
294,011bf685025d7ad1fb81f4043f264b91953b492f,3198cf390c2187565175b28467e8493e31c22801,explicits,2,explicits.js,Thu Jun 02 2022 12:19:17 GMT+0300 (Israel Daylight Time),matoo,6,,,true,482.20000000298023
294,011bf685025d7ad1fb81f4043f264b91953b492f,3198cf390c2187565175b28467e8493e31c22801,explicits,2,explicits.js,Thu Jun 02 2022 12:19:17 GMT+0300 (Israel Daylight Time),choosetobe,7,,,true,771.9000000059605
294,011bf685025d7ad1fb81f4043f264b91953b492f,3198cf390c2187565175b28467e8493e31c22801,explicits,2,explicits.js,Thu Jun 02 2022 12:19:17 GMT+0300 (Israel Daylight Time),othersthink,8,,,true,516
294,011bf685025d7ad1fb81f4043f264b91953b492f,3198cf390c2187565175b28467e8493e31c22801,explicits,2,explicits.js,Thu Jun 02 2022 12:19:17 GMT+0300 (Israel Daylight Time),feel,9,,,true,445.6000000089407
294,011bf685025d7ad1fb81f4043f264b91953b492f,3198cf390c2187565175b28467e8493e31c22801,explicits,2,explicits.js,Thu Jun 02 2022 12:19:17 GMT+0300 (Israel Daylight Time),hopetolive,10,,,true,395.5
295,011bf685025d7ad1fb81f4043f264b91953b492f,3198cf390c2187565175b28467e8493e31c22801,explicits,2,explicits.js,Thu Jun 02 2022 12:22:17 GMT+0300 (Israel Daylight Time),Tyoung_0to10,0,,,true,1392.9000000059605
295,011bf685025d7ad1fb81f4043f264b91953b492f,3198cf390c2187565175b28467e8493e31c22801,explicits,2,explicits.js,Thu Jun 02 2022 12:22:17 GMT+0300 (Israel Daylight Time),Told_0to10,1,,,true,448.29999999701977
295,011bf685025d7ad1fb81f4043f264b91953b492f,3198cf390c2187565175b28467e8493e31c22801,explicits,2,explicits.js,Thu Jun 02 2022 12:22:17 GMT+0300 (Israel Daylight Time),att7,2,,,true,869.7999999970198
295,011bf685025d7ad1fb81f4043f264b91953b492f,3198cf390c2187565175b28467e8493e31c22801,explicits,2,explicits.js,Thu Jun 02 2022 12:22:17 GMT+0300 (Israel Daylight Time),ctoya,3,,,true,972.7999999970198
295,011bf685025d7ad1fb81f4043f264b91953b492f,3198cf390c2187565175b28467e8493e31c22801,explicits,2,explicits.js,Thu Jun 02 2022 12:22:17 GMT+0300 (Israel Daylight Time),yatoa,4,,,true,481.79999999701977
295,011bf685025d7ad1fb81f4043f264b91953b492f,3198cf390c2187565175b28467e8493e31c22801,explicits,2,explicits.js,Thu Jun 02 2022 12:22:17 GMT+0300 (Israel Daylight Time),atoma,5,,,true,382.30000001192093
295,011bf685025d7ad1fb81f4043f264b91953b492f,3198cf390c2187565175b28467e8493e31c22801,explicits,2,explicits.js,Thu Jun 02 2022 12:22:17 GMT+0300 (Israel Daylight Time),matoo,6,,,true,350.70000000298023
295,011bf685025d7ad1fb81f4043f264b91953b492f,3198cf390c2187565175b28467e8493e31c22801,explicits,2,explicits.js,Thu Jun 02 2022 12:22:17 GMT+0300 (Israel Daylight Time),feel,7,,,true,737.5999999940395
295,011bf685025d7ad1fb81f4043f264b91953b492f,3198cf390c2187565175b28467e8493e31c22801,explicits,2,explicits.js,Thu Jun 02 2022 12:22:17 GMT+0300 (Israel Daylight Time),choosetobe,8,,,true,430.6000000089407
295,011bf685025d7ad1fb81f4043f264b91953b492f,3198cf390c2187565175b28467e8493e31c22801,explicits,2,explicits.js,Thu Jun 02 2022 12:22:17 GMT+0300 (Israel Daylight Time),othersthink,9,,,true,375.5
295,011bf685025d7ad1fb81f4043f264b91953b492f,3198cf390c2187565175b28467e8493e31c22801,explicits,2,explicits.js,Thu Jun 02 2022 12:22:17 GMT+0300 (Israel Daylight Time),hopetolive,10,,,true,352.40000000596046
296,011bf685025d7ad1fb81f4043f264b91953b492f,3198cf390c2187565175b28467e8493e31c22801,explicits,2,explicits.js,Thu Jun 02 2022 12:25:28 GMT+0300 (Israel Daylight Time),att7,0,,,true,1196.4000000059605
296,011bf685025d7ad1fb81f4043f264b91953b492f,3198cf390c2187565175b28467e8493e31c22801,explicits,2,explicits.js,Thu Jun 02 2022 12:25:28 GMT+0300 (Israel Daylight Time),Tyoung_0to10,1,,,true,1392
296,011bf685025d7ad1fb81f4043f264b91953b492f,3198cf390c2187565175b28467e8493e31c22801,explicits,2,explicits.js,Thu Jun 02 2022 12:25:28 GMT+0300 (Israel Daylight Time),Told_0to10,2,,,true,608.1000000089407
296,011bf685025d7ad1fb81f4043f264b91953b492f,3198cf390c2187565175b28467e8493e31c22801,explicits,2,explicits.js,Thu Jun 02 2022 12:25:28 GMT+0300 (Israel Daylight Time),ctoya,3,,,true,1025.7000000029802
296,011bf685025d7ad1fb81f4043f264b91953b492f,3198cf390c2187565175b28467e8493e31c22801,explicits,2,explicits.js,Thu Jun 02 2022 12:25:28 GMT+0300 (Israel Daylight Time),yatoa,4,,,true,514.7000000029802
296,011bf685025d7ad1fb81f4043f264b91953b492f,3198cf390c2187565175b28467e8493e31c22801,explicits,2,explicits.js,Thu Jun 02 2022 12:25:28 GMT+0300 (Israel Daylight Time),atoma,5,,,true,477.70000000298023
296,011bf685025d7ad1fb81f4043f264b91953b492f,3198cf390c2187565175b28467e8493e31c22801,explicits,2,explicits.js,Thu Jun 02 2022 12:25:28 GMT+0300 (Israel Daylight Time),matoo,6,,,true,393.79999999701977
296,011bf685025d7ad1fb81f4043f264b91953b492f,3198cf390c2187565175b28467e8493e31c22801,explicits,2,explicits.js,Thu Jun 02 2022 12:25:28 GMT+0300 (Israel Daylight Time),feel,7,,,true,709.4000000059605
296,011bf685025d7ad1fb81f4043f264b91953b492f,3198cf390c2187565175b28467e8493e31c22801,explicits,2,explicits.js,Thu Jun 02 2022 12:25:28 GMT+0300 (Israel Daylight Time),hopetolive,8,,,true,428.30000001192093
296,011bf685025d7ad1fb81f4043f264b91953b492f,3198cf390c2187565175b28467e8493e31c22801,explicits,2,explicits.js,Thu Jun 02 2022 12:25:28 GMT+0300 (Israel Daylight Time),othersthink,9,,,true,402.70000000298023
296,011bf685025d7ad1fb81f4043f264b91953b492f,3198cf390c2187565175b28467e8493e31c22801,explicits,2,explicits.js,Thu Jun 02 2022 12:25:28 GMT+0300 (Israel Daylight Time),choosetobe,10,,,true,430.3999999910593
298,011bf685025d7ad1fb81f4043f264b91953b492f,3198cf390c2187565175b28467e8493e31c22801,explicits,2,explicits.js,Thu Jun 02 2022 12:30:27 GMT+0300 (Israel Daylight Time),att7,0,,,true,1237.9000000059605
298,011bf685025d7ad1fb81f4043f264b91953b492f,3198cf390c2187565175b28467e8493e31c22801,explicits,2,explicits.js,Thu Jun 02 2022 12:30:27 GMT+0300 (Israel Daylight Time),Told_0to10,1,,,true,717.5
298,011bf685025d7ad1fb81f4043f264b91953b492f,3198cf390c2187565175b28467e8493e31c22801,explicits,2,explicits.js,Thu Jun 02 2022 12:30:27 GMT+0300 (Israel Daylight Time),Tyoung_0to10,2,,,true,916.5999999940395
298,011bf685025d7ad1fb81f4043f264b91953b492f,3198cf390c2187565175b28467e8493e31c22801,explicits,2,explicits.js,Thu Jun 02 2022 12:30:27 GMT+0300 (Israel Daylight Time),othersthink,3,,,true,1050.2999999970198
298,011bf685025d7ad1fb81f4043f264b91953b492f,3198cf390c2187565175b28467e8493e31c22801,explicits,2,explicits.js,Thu Jun 02 2022 12:30:27 GMT+0300 (Israel Daylight Time),hopetolive,4,,,true,506.70000000298023
298,011bf685025d7ad1fb81f4043f264b91953b492f,3198cf390c2187565175b28467e8493e31c22801,explicits,2,explicits.js,Thu Jun 02 2022 12:30:27 GMT+0300 (Israel Daylight Time),feel,5,,,true,413.80000001192093
298,011bf685025d7ad1fb81f4043f264b91953b492f,3198cf390c2187565175b28467e8493e31c22801,explicits,2,explicits.js,Thu Jun 02 2022 12:30:27 GMT+0300 (Israel Daylight Time),choosetobe,6,,,true,407.20000000298023
298,011bf685025d7ad1fb81f4043f264b91953b492f,3198cf390c2187565175b28467e8493e31c22801,explicits,2,explicits.js,Thu Jun 02 2022 12:30:27 GMT+0300 (Israel Daylight Time),ctoya,7,,,true,688.7999999970198
298,011bf685025d7ad1fb81f4043f264b91953b492f,3198cf390c2187565175b28467e8493e31c22801,explicits,2,explicits.js,Thu Jun 02 2022 12:30:27 GMT+0300 (Israel Daylight Time),yatoa,8,,,true,428.90000000596046
298,011bf685025d7ad1fb81f4043f264b91953b492f,3198cf390c2187565175b28467e8493e31c22801,explicits,2,explicits.js,Thu Jun 02 2022 12:30:27 GMT+0300 (Israel Daylight Time),atoma,9,,,true,403.09999999403954
298,011bf685025d7ad1fb81f4043f264b91953b492f,3198cf390c2187565175b28467e8493e31c22801,explicits,2,explicits.js,Thu Jun 02 2022 12:30:27 GMT+0300 (Israel Daylight Time),matoo,10,,,true,423.20000000298023
