sessionId,studyId,versionId,createdDate,taskName,taskNumber,taskURL,descriptiveId,state
291,011bf685025d7ad1fb81f4043f264b91953b492f,3198cf390c2187565175b28467e8493e31c22801,Thu Jun 02 2022 12:04:16 GMT+0300 (Israel Daylight Time),mgr,3,ageiat.js,,
292,011bf685025d7ad1fb81f4043f264b91953b492f,3198cf390c2187565175b28467e8493e31c22801,Thu Jun 02 2022 12:04:20 GMT+0300 (Israel Daylight Time),mgr,,,mgr,Develop
292,011bf685025d7ad1fb81f4043f264b91953b492f,3198cf390c2187565175b28467e8493e31c22801,Thu Jun 02 2022 12:04:20 GMT+0300 (Israel Daylight Time),mgr,1,realstart.jst,,
292,011bf685025d7ad1fb81f4043f264b91953b492f,3198cf390c2187565175b28467e8493e31c22801,Thu Jun 02 2022 12:04:22 GMT+0300 (Israel Daylight Time),mgr,2,instiat_age.jst,,
292,011bf685025d7ad1fb81f4043f264b91953b492f,3198cf390c2187565175b28467e8493e31c22801,Thu Jun 02 2022 12:04:23 GMT+0300 (Israel Daylight Time),mgr,3,ageiat.js,,
293,011bf685025d7ad1fb81f4043f264b91953b492f,3198cf390c2187565175b28467e8493e31c22801,Thu Jun 02 2022 12:08:13 GMT+0300 (Israel Daylight Time),mgr,,,mgr,Develop
293,011bf685025d7ad1fb81f4043f264b91953b492f,3198cf390c2187565175b28467e8493e31c22801,Thu Jun 02 2022 12:08:13 GMT+0300 (Israel Daylight Time),mgr,1,realstart.jst,,
293,011bf685025d7ad1fb81f4043f264b91953b492f,3198cf390c2187565175b28467e8493e31c22801,Thu Jun 02 2022 12:08:14 GMT+0300 (Israel Daylight Time),mgr,2,explicits.js,,
293,011bf685025d7ad1fb81f4043f264b91953b492f,3198cf390c2187565175b28467e8493e31c22801,Thu Jun 02 2022 12:08:51 GMT+0300 (Israel Daylight Time),mgr,3,instiat_age.jst,,
294,011bf685025d7ad1fb81f4043f264b91953b492f,3198cf390c2187565175b28467e8493e31c22801,Thu Jun 02 2022 12:19:08 GMT+0300 (Israel Daylight Time),mgr,,,mgr,Develop
294,011bf685025d7ad1fb81f4043f264b91953b492f,3198cf390c2187565175b28467e8493e31c22801,Thu Jun 02 2022 12:19:08 GMT+0300 (Israel Daylight Time),mgr,1,realstart.jst,,
294,011bf685025d7ad1fb81f4043f264b91953b492f,3198cf390c2187565175b28467e8493e31c22801,Thu Jun 02 2022 12:19:09 GMT+0300 (Israel Daylight Time),mgr,2,explicits.js,,
294,011bf685025d7ad1fb81f4043f264b91953b492f,3198cf390c2187565175b28467e8493e31c22801,Thu Jun 02 2022 12:19:17 GMT+0300 (Israel Daylight Time),mgr,3,instiat_age.jst,,
294,011bf685025d7ad1fb81f4043f264b91953b492f,3198cf390c2187565175b28467e8493e31c22801,Thu Jun 02 2022 12:19:19 GMT+0300 (Israel Daylight Time),mgr,4,ageiat.js,,
295,011bf685025d7ad1fb81f4043f264b91953b492f,3198cf390c2187565175b28467e8493e31c22801,Thu Jun 02 2022 12:22:08 GMT+0300 (Israel Daylight Time),mgr,,,mgr,Develop
295,011bf685025d7ad1fb81f4043f264b91953b492f,3198cf390c2187565175b28467e8493e31c22801,Thu Jun 02 2022 12:22:08 GMT+0300 (Israel Daylight Time),mgr,1,realstart.jst,,
295,011bf685025d7ad1fb81f4043f264b91953b492f,3198cf390c2187565175b28467e8493e31c22801,Thu Jun 02 2022 12:22:10 GMT+0300 (Israel Daylight Time),mgr,2,explicits.js,,
295,011bf685025d7ad1fb81f4043f264b91953b492f,3198cf390c2187565175b28467e8493e31c22801,Thu Jun 02 2022 12:22:17 GMT+0300 (Israel Daylight Time),mgr,3,instiat_age.jst,,
295,011bf685025d7ad1fb81f4043f264b91953b492f,3198cf390c2187565175b28467e8493e31c22801,Thu Jun 02 2022 12:22:19 GMT+0300 (Israel Daylight Time),mgr,4,ageiat.js,,
296,011bf685025d7ad1fb81f4043f264b91953b492f,3198cf390c2187565175b28467e8493e31c22801,Thu Jun 02 2022 12:25:19 GMT+0300 (Israel Daylight Time),mgr,,,mgr,Develop
296,011bf685025d7ad1fb81f4043f264b91953b492f,3198cf390c2187565175b28467e8493e31c22801,Thu Jun 02 2022 12:25:19 GMT+0300 (Israel Daylight Time),mgr,1,realstart.jst,,
296,011bf685025d7ad1fb81f4043f264b91953b492f,3198cf390c2187565175b28467e8493e31c22801,Thu Jun 02 2022 12:25:21 GMT+0300 (Israel Daylight Time),mgr,2,explicits.js,,
296,011bf685025d7ad1fb81f4043f264b91953b492f,3198cf390c2187565175b28467e8493e31c22801,Thu Jun 02 2022 12:25:28 GMT+0300 (Israel Daylight Time),mgr,3,instiat_age.jst,,
296,011bf685025d7ad1fb81f4043f264b91953b492f,3198cf390c2187565175b28467e8493e31c22801,Thu Jun 02 2022 12:25:30 GMT+0300 (Israel Daylight Time),mgr,4,ageiat.js,,
297,011bf685025d7ad1fb81f4043f264b91953b492f,3198cf390c2187565175b28467e8493e31c22801,Thu Jun 02 2022 12:30:10 GMT+0300 (Israel Daylight Time),mgr,,,mgr,Develop
297,011bf685025d7ad1fb81f4043f264b91953b492f,3198cf390c2187565175b28467e8493e31c22801,Thu Jun 02 2022 12:30:10 GMT+0300 (Israel Daylight Time),mgr,1,realstart.jst,,
297,011bf685025d7ad1fb81f4043f264b91953b492f,3198cf390c2187565175b28467e8493e31c22801,Thu Jun 02 2022 12:30:12 GMT+0300 (Israel Daylight Time),mgr,2,instiat_age.jst,,
297,011bf685025d7ad1fb81f4043f264b91953b492f,3198cf390c2187565175b28467e8493e31c22801,Thu Jun 02 2022 12:30:13 GMT+0300 (Israel Daylight Time),mgr,3,ageiat.js,,
298,011bf685025d7ad1fb81f4043f264b91953b492f,3198cf390c2187565175b28467e8493e31c22801,Thu Jun 02 2022 12:30:18 GMT+0300 (Israel Daylight Time),mgr,,,mgr,Develop
298,011bf685025d7ad1fb81f4043f264b91953b492f,3198cf390c2187565175b28467e8493e31c22801,Thu Jun 02 2022 12:30:18 GMT+0300 (Israel Daylight Time),mgr,1,realstart.jst,,
298,011bf685025d7ad1fb81f4043f264b91953b492f,3198cf390c2187565175b28467e8493e31c22801,Thu Jun 02 2022 12:30:19 GMT+0300 (Israel Daylight Time),mgr,2,explicits.js,,
298,011bf685025d7ad1fb81f4043f264b91953b492f,3198cf390c2187565175b28467e8493e31c22801,Thu Jun 02 2022 12:30:27 GMT+0300 (Israel Daylight Time),mgr,3,instiat_age.jst,,
298,011bf685025d7ad1fb81f4043f264b91953b492f,3198cf390c2187565175b28467e8493e31c22801,Thu Jun 02 2022 12:30:28 GMT+0300 (Israel Daylight Time),mgr,4,ageiat.js,,
300,011bf685025d7ad1fb81f4043f264b91953b492f,3198cf390c2187565175b28467e8493e31c22801,Fri Jun 17 2022 10:12:55 GMT+0300 (Israel Daylight Time),mgr,,,mgr,Develop
300,011bf685025d7ad1fb81f4043f264b91953b492f,3198cf390c2187565175b28467e8493e31c22801,Fri Jun 17 2022 10:12:55 GMT+0300 (Israel Daylight Time),mgr,1,realstart.jst,,
300,011bf685025d7ad1fb81f4043f264b91953b492f,3198cf390c2187565175b28467e8493e31c22801,Fri Jun 17 2022 10:14:50 GMT+0300 (Israel Daylight Time),mgr,1,realstart.jst,,
300,011bf685025d7ad1fb81f4043f264b91953b492f,3198cf390c2187565175b28467e8493e31c22801,Fri Jun 17 2022 10:14:53 GMT+0300 (Israel Daylight Time),mgr,1,realstart.jst,,
303,011bf685025d7ad1fb81f4043f264b91953b492f,3198cf390c2187565175b28467e8493e31c22801,Fri Jun 17 2022 10:14:56 GMT+0300 (Israel Daylight Time),mgr,,,mgr,Develop
303,011bf685025d7ad1fb81f4043f264b91953b492f,3198cf390c2187565175b28467e8493e31c22801,Fri Jun 17 2022 10:14:56 GMT+0300 (Israel Daylight Time),mgr,1,realstart.jst,,
