sessionId,studyId,versionId,taskName,taskNumber,taskURL,createdDate,name,serial,declined,submitLatency,latency,pristineLatency
320,3f90e87564ee1047e9630ca20e727b86172bf1d2,b0a80cbcae7332c766496ef47683f80bd5823ad9,explicits,2,explicits.js,Wed Jul 20 2022 15:49:54 GMT+0300 (Israel Daylight Time),att7,0,true,1246.199999999255,,
320,3f90e87564ee1047e9630ca20e727b86172bf1d2,b0a80cbcae7332c766496ef47683f80bd5823ad9,explicits,2,explicits.js,Wed Jul 20 2022 15:49:54 GMT+0300 (Israel Daylight Time),Tyoung_0to10,1,true,891.2000000011176,341.09999999962747,341.09999999962747
320,3f90e87564ee1047e9630ca20e727b86172bf1d2,b0a80cbcae7332c766496ef47683f80bd5823ad9,explicits,2,explicits.js,Wed Jul 20 2022 15:49:54 GMT+0300 (Israel Daylight Time),Told_0to10,2,true,558.8000000007451,,
320,3f90e87564ee1047e9630ca20e727b86172bf1d2,b0a80cbcae7332c766496ef47683f80bd5823ad9,explicits,2,explicits.js,Wed Jul 20 2022 15:49:54 GMT+0300 (Israel Daylight Time),ctoya,3,true,1032.9000000003725,,
320,3f90e87564ee1047e9630ca20e727b86172bf1d2,b0a80cbcae7332c766496ef47683f80bd5823ad9,explicits,2,explicits.js,Wed Jul 20 2022 15:49:54 GMT+0300 (Israel Daylight Time),yatoa,4,true,509.90000000037253,,
320,3f90e87564ee1047e9630ca20e727b86172bf1d2,b0a80cbcae7332c766496ef47683f80bd5823ad9,explicits,2,explicits.js,Wed Jul 20 2022 15:49:54 GMT+0300 (Israel Daylight Time),atoma,5,true,377,,
320,3f90e87564ee1047e9630ca20e727b86172bf1d2,b0a80cbcae7332c766496ef47683f80bd5823ad9,explicits,2,explicits.js,Wed Jul 20 2022 15:49:54 GMT+0300 (Israel Daylight Time),matoo,6,true,337,,
320,3f90e87564ee1047e9630ca20e727b86172bf1d2,b0a80cbcae7332c766496ef47683f80bd5823ad9,explicits,2,explicits.js,Wed Jul 20 2022 15:49:54 GMT+0300 (Israel Daylight Time),feel,7,true,1040,,
320,3f90e87564ee1047e9630ca20e727b86172bf1d2,b0a80cbcae7332c766496ef47683f80bd5823ad9,explicits,2,explicits.js,Wed Jul 20 2022 15:49:54 GMT+0300 (Israel Daylight Time),choosetobe,8,true,446.30000000074506,,
320,3f90e87564ee1047e9630ca20e727b86172bf1d2,b0a80cbcae7332c766496ef47683f80bd5823ad9,explicits,2,explicits.js,Wed Jul 20 2022 15:49:54 GMT+0300 (Israel Daylight Time),hopetolive,9,true,335.30000000074506,,
320,3f90e87564ee1047e9630ca20e727b86172bf1d2,b0a80cbcae7332c766496ef47683f80bd5823ad9,explicits,2,explicits.js,Wed Jul 20 2022 15:49:54 GMT+0300 (Israel Daylight Time),othersthink,10,true,377.3999999985099,,
