sessionId,studyId,versionId,createdDate,descriptiveId,state,taskName,taskNumber,taskURL
319,3f90e87564ee1047e9630ca20e727b86172bf1d2,b0a80cbcae7332c766496ef47683f80bd5823ad9,Wed Jul 20 2022 15:48:59 GMT+0300 (Israel Daylight Time),mgr,Develop,mgr,,
319,3f90e87564ee1047e9630ca20e727b86172bf1d2,b0a80cbcae7332c766496ef47683f80bd5823ad9,Wed Jul 20 2022 15:48:59 GMT+0300 (Israel Daylight Time),,,mgr,1,realstart.jst
319,3f90e87564ee1047e9630ca20e727b86172bf1d2,b0a80cbcae7332c766496ef47683f80bd5823ad9,Wed Jul 20 2022 15:49:00 GMT+0300 (Israel Daylight Time),,,mgr,2,instiat_age.jst
319,3f90e87564ee1047e9630ca20e727b86172bf1d2,b0a80cbcae7332c766496ef47683f80bd5823ad9,Wed Jul 20 2022 15:49:01 GMT+0300 (Israel Daylight Time),,,mgr,3,ageiat.js
320,3f90e87564ee1047e9630ca20e727b86172bf1d2,b0a80cbcae7332c766496ef47683f80bd5823ad9,Wed Jul 20 2022 15:49:45 GMT+0300 (Israel Daylight Time),mgr,Develop,mgr,,
320,3f90e87564ee1047e9630ca20e727b86172bf1d2,b0a80cbcae7332c766496ef47683f80bd5823ad9,Wed Jul 20 2022 15:49:45 GMT+0300 (Israel Daylight Time),,,mgr,1,realstart.jst
320,3f90e87564ee1047e9630ca20e727b86172bf1d2,b0a80cbcae7332c766496ef47683f80bd5823ad9,Wed Jul 20 2022 15:49:46 GMT+0300 (Israel Daylight Time),,,mgr,2,explicits.js
320,3f90e87564ee1047e9630ca20e727b86172bf1d2,b0a80cbcae7332c766496ef47683f80bd5823ad9,Wed Jul 20 2022 15:49:54 GMT+0300 (Israel Daylight Time),,,mgr,3,instiat_age.jst
320,3f90e87564ee1047e9630ca20e727b86172bf1d2,b0a80cbcae7332c766496ef47683f80bd5823ad9,Wed Jul 20 2022 15:49:55 GMT+0300 (Israel Daylight Time),,,mgr,4,ageiat.js
321,3f90e87564ee1047e9630ca20e727b86172bf1d2,b0a80cbcae7332c766496ef47683f80bd5823ad9,Wed Jul 20 2022 15:50:06 GMT+0300 (Israel Daylight Time),mgr,Develop,mgr,,
321,3f90e87564ee1047e9630ca20e727b86172bf1d2,b0a80cbcae7332c766496ef47683f80bd5823ad9,Wed Jul 20 2022 15:50:06 GMT+0300 (Israel Daylight Time),,,mgr,1,realstart.jst
321,3f90e87564ee1047e9630ca20e727b86172bf1d2,b0a80cbcae7332c766496ef47683f80bd5823ad9,Wed Jul 20 2022 15:50:10 GMT+0300 (Israel Daylight Time),,,mgr,2,instiat_age.jst
321,3f90e87564ee1047e9630ca20e727b86172bf1d2,b0a80cbcae7332c766496ef47683f80bd5823ad9,Wed Jul 20 2022 15:50:14 GMT+0300 (Israel Daylight Time),,,mgr,3,ageiat.js
