1,descriptiveId,state,sessionId,taskName,studyId,versionId,registrationId,createdDate,poolId
"{useragent:""null""}",mgr.js,Published,108,_session_data,cf92bf3cb7b99eac306db9921332dac9067c9c68,18dabb7d57d3fdc35073eddb41a6a6e0c2299968,60977451ea8d4f8638347edb,Sun May 09 2021 08:34:09 GMT+0300 (Israel Daylight Time),
"{useragent:""null""}",mgr.js,Published,109,_session_data,cf92bf3cb7b99eac306db9921332dac9067c9c68,18dabb7d57d3fdc35073eddb41a6a6e0c2299968,60977478ea8d4f8638347ede,Sun May 09 2021 08:34:48 GMT+0300 (Israel Daylight Time),
"{useragent:""null""}",mgr.js,Published,120,_session_data,cf92bf3cb7b99eac306db9921332dac9067c9c68,18dabb7d57d3fdc35073eddb41a6a6e0c2299968,60977451ea8d4f8638347edb,Tue May 11 2021 09:44:04 GMT+0300 (Israel Daylight Time),7ef9547a3949964dd966af3bd74e957a39f64f58
"{useragent:""null""}",mgr.js,Published,121,_session_data,cf92bf3cb7b99eac306db9921332dac9067c9c68,18dabb7d57d3fdc35073eddb41a6a6e0c2299968,60977478ea8d4f8638347ede,Tue May 11 2021 09:48:13 GMT+0300 (Israel Daylight Time),7ef9547a3949964dd966af3bd74e957a39f64f58
"{useragent:""null""}",mgr.js,Published,122,_session_data,cf92bf3cb7b99eac306db9921332dac9067c9c68,18dabb7d57d3fdc35073eddb41a6a6e0c2299968,60977478ea8d4f8638347ede,Tue May 11 2021 09:48:24 GMT+0300 (Israel Daylight Time),f327d3d5bf39f11d2b44cc3073adc5b70baa880e
"{useragent:""null""}",mgr.js,Published,123,_session_data,cf92bf3cb7b99eac306db9921332dac9067c9c68,18dabb7d57d3fdc35073eddb41a6a6e0c2299968,609a28c0dcfd582566d0b279,Tue May 11 2021 09:48:32 GMT+0300 (Israel Daylight Time),
"{useragent:""null""}",mgr.js,Published,124,_session_data,cf92bf3cb7b99eac306db9921332dac9067c9c68,18dabb7d57d3fdc35073eddb41a6a6e0c2299968,60977478ea8d4f8638347ede,Tue May 11 2021 09:48:46 GMT+0300 (Israel Daylight Time),f327d3d5bf39f11d2b44cc3073adc5b70baa880e
"{useragent:""null""}",mgr.js,Published,125,_session_data,cf92bf3cb7b99eac306db9921332dac9067c9c68,18dabb7d57d3fdc35073eddb41a6a6e0c2299968,60977478ea8d4f8638347ede,Tue May 11 2021 10:05:14 GMT+0300 (Israel Daylight Time),f327d3d5bf39f11d2b44cc3073adc5b70baa880e
"{useragent:""null""}",mgr.js,Published,126,_session_data,cf92bf3cb7b99eac306db9921332dac9067c9c68,18dabb7d57d3fdc35073eddb41a6a6e0c2299968,60977478ea8d4f8638347ede,Tue May 11 2021 10:05:29 GMT+0300 (Israel Daylight Time),f327d3d5bf39f11d2b44cc3073adc5b70baa880e
"{useragent:""null""}",mgr.js,Published,127,_session_data,cf92bf3cb7b99eac306db9921332dac9067c9c68,18dabb7d57d3fdc35073eddb41a6a6e0c2299968,60977478ea8d4f8638347ede,Tue May 11 2021 10:05:36 GMT+0300 (Israel Daylight Time),f327d3d5bf39f11d2b44cc3073adc5b70baa880e
"{useragent:""null""}",mgr.js,Published,128,_session_data,cf92bf3cb7b99eac306db9921332dac9067c9c68,18dabb7d57d3fdc35073eddb41a6a6e0c2299968,60977478ea8d4f8638347ede,Tue May 11 2021 10:05:58 GMT+0300 (Israel Daylight Time),f327d3d5bf39f11d2b44cc3073adc5b70baa880e
"{useragent:""null""}",mgr.js,Published,129,_session_data,cf92bf3cb7b99eac306db9921332dac9067c9c68,18dabb7d57d3fdc35073eddb41a6a6e0c2299968,60977478ea8d4f8638347ede,Tue May 11 2021 10:06:09 GMT+0300 (Israel Daylight Time),f327d3d5bf39f11d2b44cc3073adc5b70baa880e
"{useragent:""null""}",mgr.js,Published,130,_session_data,cf92bf3cb7b99eac306db9921332dac9067c9c68,18dabb7d57d3fdc35073eddb41a6a6e0c2299968,60977478ea8d4f8638347ede,Tue May 11 2021 10:06:23 GMT+0300 (Israel Daylight Time),f327d3d5bf39f11d2b44cc3073adc5b70baa880e
"{useragent:""null""}",mgr.js,Published,131,_session_data,cf92bf3cb7b99eac306db9921332dac9067c9c68,18dabb7d57d3fdc35073eddb41a6a6e0c2299968,60977478ea8d4f8638347ede,Tue May 11 2021 10:06:28 GMT+0300 (Israel Daylight Time),f327d3d5bf39f11d2b44cc3073adc5b70baa880e
"{useragent:""null""}",mgr.js,Published,132,_session_data,cf92bf3cb7b99eac306db9921332dac9067c9c68,18dabb7d57d3fdc35073eddb41a6a6e0c2299968,60977478ea8d4f8638347ede,Tue May 11 2021 10:06:30 GMT+0300 (Israel Daylight Time),f327d3d5bf39f11d2b44cc3073adc5b70baa880e
"{useragent:""null""}",mgr.js,Published,133,_session_data,cf92bf3cb7b99eac306db9921332dac9067c9c68,18dabb7d57d3fdc35073eddb41a6a6e0c2299968,60977478ea8d4f8638347ede,Tue May 11 2021 10:06:33 GMT+0300 (Israel Daylight Time),f327d3d5bf39f11d2b44cc3073adc5b70baa880e
"{useragent:""null""}",mgr.js,Published,144,_session_data,cf92bf3cb7b99eac306db9921332dac9067c9c68,18dabb7d57d3fdc35073eddb41a6a6e0c2299968,60977451ea8d4f8638347edb,Tue May 11 2021 11:13:54 GMT+0300 (Israel Daylight Time),f327d3d5bf39f11d2b44cc3073adc5b70baa880e
"{useragent:""null""}",mgr.js,Published,149,_session_data,cf92bf3cb7b99eac306db9921332dac9067c9c68,18dabb7d57d3fdc35073eddb41a6a6e0c2299968,60977451ea8d4f8638347edb,Tue May 11 2021 11:14:19 GMT+0300 (Israel Daylight Time),f327d3d5bf39f11d2b44cc3073adc5b70baa880e
"{useragent:""null""}",mgr.js,Published,150,_session_data,cf92bf3cb7b99eac306db9921332dac9067c9c68,18dabb7d57d3fdc35073eddb41a6a6e0c2299968,60977451ea8d4f8638347edb,Tue May 11 2021 11:14:26 GMT+0300 (Israel Daylight Time),f327d3d5bf39f11d2b44cc3073adc5b70baa880e
"{useragent:""null""}",mgr.js,Published,151,_session_data,cf92bf3cb7b99eac306db9921332dac9067c9c68,18dabb7d57d3fdc35073eddb41a6a6e0c2299968,60977451ea8d4f8638347edb,Tue May 11 2021 11:14:28 GMT+0300 (Israel Daylight Time),f327d3d5bf39f11d2b44cc3073adc5b70baa880e
"{useragent:""null""}",mgr.js,Published,152,_session_data,cf92bf3cb7b99eac306db9921332dac9067c9c68,18dabb7d57d3fdc35073eddb41a6a6e0c2299968,60977451ea8d4f8638347edb,Tue May 11 2021 11:16:28 GMT+0300 (Israel Daylight Time),7ef9547a3949964dd966af3bd74e957a39f64f58
"{useragent:""null""}",mgr.js,Published,153,_session_data,cf92bf3cb7b99eac306db9921332dac9067c9c68,18dabb7d57d3fdc35073eddb41a6a6e0c2299968,60977451ea8d4f8638347edb,Tue May 11 2021 11:16:44 GMT+0300 (Israel Daylight Time),f327d3d5bf39f11d2b44cc3073adc5b70baa880e
"{useragent:""null""}",mgr.js,Published,154,_session_data,cf92bf3cb7b99eac306db9921332dac9067c9c68,18dabb7d57d3fdc35073eddb41a6a6e0c2299968,60977451ea8d4f8638347edb,Tue May 11 2021 11:16:46 GMT+0300 (Israel Daylight Time),f327d3d5bf39f11d2b44cc3073adc5b70baa880e
"{useragent:""null""}",mgr.js,Published,155,_session_data,cf92bf3cb7b99eac306db9921332dac9067c9c68,18dabb7d57d3fdc35073eddb41a6a6e0c2299968,60977451ea8d4f8638347edb,Tue May 11 2021 11:17:29 GMT+0300 (Israel Daylight Time),f327d3d5bf39f11d2b44cc3073adc5b70baa880e
"{useragent:""null""}",mgr.js,Published,156,_session_data,cf92bf3cb7b99eac306db9921332dac9067c9c68,18dabb7d57d3fdc35073eddb41a6a6e0c2299968,60977451ea8d4f8638347edb,Tue May 11 2021 11:18:09 GMT+0300 (Israel Daylight Time),f327d3d5bf39f11d2b44cc3073adc5b70baa880e
"{useragent:""null""}",mgr.js,Published,157,_session_data,cf92bf3cb7b99eac306db9921332dac9067c9c68,18dabb7d57d3fdc35073eddb41a6a6e0c2299968,60977451ea8d4f8638347edb,Tue May 11 2021 11:19:35 GMT+0300 (Israel Daylight Time),7ef9547a3949964dd966af3bd74e957a39f64f58
"{useragent:""null""}",mgr.js,Published,158,_session_data,cf92bf3cb7b99eac306db9921332dac9067c9c68,18dabb7d57d3fdc35073eddb41a6a6e0c2299968,60977451ea8d4f8638347edb,Tue May 11 2021 11:19:41 GMT+0300 (Israel Daylight Time),f327d3d5bf39f11d2b44cc3073adc5b70baa880e
"{useragent:""null""}",mgr.js,Published,159,_session_data,cf92bf3cb7b99eac306db9921332dac9067c9c68,18dabb7d57d3fdc35073eddb41a6a6e0c2299968,60977451ea8d4f8638347edb,Tue May 11 2021 11:33:00 GMT+0300 (Israel Daylight Time),7ef9547a3949964dd966af3bd74e957a39f64f58
"{useragent:""null""}",mgr.js,Published,160,_session_data,cf92bf3cb7b99eac306db9921332dac9067c9c68,18dabb7d57d3fdc35073eddb41a6a6e0c2299968,60977451ea8d4f8638347edb,Tue May 11 2021 11:33:35 GMT+0300 (Israel Daylight Time),7ef9547a3949964dd966af3bd74e957a39f64f58
"{useragent:""null""}",mgr.js,Published,161,_session_data,cf92bf3cb7b99eac306db9921332dac9067c9c68,18dabb7d57d3fdc35073eddb41a6a6e0c2299968,60977451ea8d4f8638347edb,Tue May 11 2021 11:33:42 GMT+0300 (Israel Daylight Time),f327d3d5bf39f11d2b44cc3073adc5b70baa880e
"{useragent:""null""}",mgr.js,Published,162,_session_data,cf92bf3cb7b99eac306db9921332dac9067c9c68,18dabb7d57d3fdc35073eddb41a6a6e0c2299968,60977451ea8d4f8638347edb,Tue May 11 2021 11:34:05 GMT+0300 (Israel Daylight Time),f327d3d5bf39f11d2b44cc3073adc5b70baa880e
"{useragent:""null""}",mgr.js,Published,163,_session_data,cf92bf3cb7b99eac306db9921332dac9067c9c68,18dabb7d57d3fdc35073eddb41a6a6e0c2299968,60977451ea8d4f8638347edb,Tue May 11 2021 11:34:11 GMT+0300 (Israel Daylight Time),f327d3d5bf39f11d2b44cc3073adc5b70baa880e
"{useragent:""null""}",mgr.js,Published,164,_session_data,cf92bf3cb7b99eac306db9921332dac9067c9c68,18dabb7d57d3fdc35073eddb41a6a6e0c2299968,60977451ea8d4f8638347edb,Tue May 11 2021 11:34:14 GMT+0300 (Israel Daylight Time),f327d3d5bf39f11d2b44cc3073adc5b70baa880e
"{useragent:""null""}",mgr.js,Published,165,_session_data,cf92bf3cb7b99eac306db9921332dac9067c9c68,18dabb7d57d3fdc35073eddb41a6a6e0c2299968,60977451ea8d4f8638347edb,Tue May 11 2021 11:34:16 GMT+0300 (Israel Daylight Time),f327d3d5bf39f11d2b44cc3073adc5b70baa880e
"{useragent:""null""}",mgr.js,Published,166,_session_data,cf92bf3cb7b99eac306db9921332dac9067c9c68,18dabb7d57d3fdc35073eddb41a6a6e0c2299968,60977451ea8d4f8638347edb,Tue May 11 2021 11:34:17 GMT+0300 (Israel Daylight Time),f327d3d5bf39f11d2b44cc3073adc5b70baa880e
"{useragent:""null""}",mgr.js,Published,167,_session_data,cf92bf3cb7b99eac306db9921332dac9067c9c68,18dabb7d57d3fdc35073eddb41a6a6e0c2299968,60977451ea8d4f8638347edb,Tue May 11 2021 11:34:18 GMT+0300 (Israel Daylight Time),f327d3d5bf39f11d2b44cc3073adc5b70baa880e
"{useragent:""null""}",mgr.js,Published,168,_session_data,cf92bf3cb7b99eac306db9921332dac9067c9c68,18dabb7d57d3fdc35073eddb41a6a6e0c2299968,60977451ea8d4f8638347edb,Tue May 11 2021 11:34:21 GMT+0300 (Israel Daylight Time),f327d3d5bf39f11d2b44cc3073adc5b70baa880e
"{useragent:""null""}",mgr.js,Published,169,_session_data,cf92bf3cb7b99eac306db9921332dac9067c9c68,18dabb7d57d3fdc35073eddb41a6a6e0c2299968,60977451ea8d4f8638347edb,Tue May 11 2021 11:34:45 GMT+0300 (Israel Daylight Time),f327d3d5bf39f11d2b44cc3073adc5b70baa880e
"{useragent:""null""}",mgr.js,Published,170,_session_data,cf92bf3cb7b99eac306db9921332dac9067c9c68,18dabb7d57d3fdc35073eddb41a6a6e0c2299968,60977451ea8d4f8638347edb,Tue May 11 2021 11:34:59 GMT+0300 (Israel Daylight Time),f327d3d5bf39f11d2b44cc3073adc5b70baa880e
"{useragent:""null""}",mgr.js,Published,171,_session_data,cf92bf3cb7b99eac306db9921332dac9067c9c68,18dabb7d57d3fdc35073eddb41a6a6e0c2299968,60977451ea8d4f8638347edb,Tue May 11 2021 11:35:05 GMT+0300 (Israel Daylight Time),f327d3d5bf39f11d2b44cc3073adc5b70baa880e
"{useragent:""null""}",mgr.js,Published,172,_session_data,cf92bf3cb7b99eac306db9921332dac9067c9c68,18dabb7d57d3fdc35073eddb41a6a6e0c2299968,60977451ea8d4f8638347edb,Tue May 11 2021 11:35:26 GMT+0300 (Israel Daylight Time),f327d3d5bf39f11d2b44cc3073adc5b70baa880e
"{useragent:""null""}",mgr.js,Published,173,_session_data,cf92bf3cb7b99eac306db9921332dac9067c9c68,18dabb7d57d3fdc35073eddb41a6a6e0c2299968,60977451ea8d4f8638347edb,Tue May 11 2021 11:35:53 GMT+0300 (Israel Daylight Time),7ef9547a3949964dd966af3bd74e957a39f64f58
"{useragent:""null""}",mgr.js,Published,174,_session_data,cf92bf3cb7b99eac306db9921332dac9067c9c68,18dabb7d57d3fdc35073eddb41a6a6e0c2299968,60977451ea8d4f8638347edb,Tue May 11 2021 11:36:02 GMT+0300 (Israel Daylight Time),f327d3d5bf39f11d2b44cc3073adc5b70baa880e
"{useragent:""null""}",mgr.js,Published,175,_session_data,cf92bf3cb7b99eac306db9921332dac9067c9c68,18dabb7d57d3fdc35073eddb41a6a6e0c2299968,60977451ea8d4f8638347edb,Tue May 11 2021 11:36:05 GMT+0300 (Israel Daylight Time),f327d3d5bf39f11d2b44cc3073adc5b70baa880e
"{useragent:""null""}",mgr.js,Published,176,_session_data,cf92bf3cb7b99eac306db9921332dac9067c9c68,18dabb7d57d3fdc35073eddb41a6a6e0c2299968,60977451ea8d4f8638347edb,Tue May 11 2021 11:36:38 GMT+0300 (Israel Daylight Time),f327d3d5bf39f11d2b44cc3073adc5b70baa880e
"{useragent:""null""}",mgr.js,Published,177,_session_data,cf92bf3cb7b99eac306db9921332dac9067c9c68,18dabb7d57d3fdc35073eddb41a6a6e0c2299968,60977451ea8d4f8638347edb,Tue May 11 2021 11:37:02 GMT+0300 (Israel Daylight Time),f327d3d5bf39f11d2b44cc3073adc5b70baa880e
"{useragent:""null""}",mgr.js,Published,178,_session_data,cf92bf3cb7b99eac306db9921332dac9067c9c68,18dabb7d57d3fdc35073eddb41a6a6e0c2299968,60977451ea8d4f8638347edb,Tue May 11 2021 11:37:10 GMT+0300 (Israel Daylight Time),f327d3d5bf39f11d2b44cc3073adc5b70baa880e
"{useragent:""null""}",mgr.js,Published,179,_session_data,cf92bf3cb7b99eac306db9921332dac9067c9c68,18dabb7d57d3fdc35073eddb41a6a6e0c2299968,60977451ea8d4f8638347edb,Tue May 11 2021 11:37:13 GMT+0300 (Israel Daylight Time),f327d3d5bf39f11d2b44cc3073adc5b70baa880e
"{useragent:""null""}",mgr.js,Published,180,_session_data,cf92bf3cb7b99eac306db9921332dac9067c9c68,18dabb7d57d3fdc35073eddb41a6a6e0c2299968,60977451ea8d4f8638347edb,Tue May 11 2021 11:38:15 GMT+0300 (Israel Daylight Time),7ef9547a3949964dd966af3bd74e957a39f64f58
"{useragent:""null""}",mgr.js,Published,181,_session_data,cf92bf3cb7b99eac306db9921332dac9067c9c68,18dabb7d57d3fdc35073eddb41a6a6e0c2299968,60977451ea8d4f8638347edb,Tue May 11 2021 11:38:20 GMT+0300 (Israel Daylight Time),f327d3d5bf39f11d2b44cc3073adc5b70baa880e
"{useragent:""null""}",mgr.js,Published,182,_session_data,cf92bf3cb7b99eac306db9921332dac9067c9c68,18dabb7d57d3fdc35073eddb41a6a6e0c2299968,60977451ea8d4f8638347edb,Tue May 11 2021 11:38:56 GMT+0300 (Israel Daylight Time),f327d3d5bf39f11d2b44cc3073adc5b70baa880e
"{useragent:""null""}",mgr.js,Published,183,_session_data,cf92bf3cb7b99eac306db9921332dac9067c9c68,18dabb7d57d3fdc35073eddb41a6a6e0c2299968,60977451ea8d4f8638347edb,Tue May 11 2021 11:39:02 GMT+0300 (Israel Daylight Time),f327d3d5bf39f11d2b44cc3073adc5b70baa880e
"{useragent:""null""}",mgr.js,Published,184,_session_data,cf92bf3cb7b99eac306db9921332dac9067c9c68,18dabb7d57d3fdc35073eddb41a6a6e0c2299968,60977451ea8d4f8638347edb,Tue May 11 2021 11:39:04 GMT+0300 (Israel Daylight Time),f327d3d5bf39f11d2b44cc3073adc5b70baa880e
"{useragent:""null""}",mgr.js,Published,185,_session_data,cf92bf3cb7b99eac306db9921332dac9067c9c68,18dabb7d57d3fdc35073eddb41a6a6e0c2299968,60977451ea8d4f8638347edb,Tue May 11 2021 11:39:06 GMT+0300 (Israel Daylight Time),f327d3d5bf39f11d2b44cc3073adc5b70baa880e
"{useragent:""null""}",mgr.js,Published,186,_session_data,cf92bf3cb7b99eac306db9921332dac9067c9c68,18dabb7d57d3fdc35073eddb41a6a6e0c2299968,60977451ea8d4f8638347edb,Tue May 11 2021 11:50:14 GMT+0300 (Israel Daylight Time),f327d3d5bf39f11d2b44cc3073adc5b70baa880e
"{useragent:""null""}",mgr.js,Published,187,_session_data,cf92bf3cb7b99eac306db9921332dac9067c9c68,18dabb7d57d3fdc35073eddb41a6a6e0c2299968,60977451ea8d4f8638347edb,Tue May 11 2021 11:50:17 GMT+0300 (Israel Daylight Time),f327d3d5bf39f11d2b44cc3073adc5b70baa880e
"{useragent:""null""}",mgr.js,Published,188,_session_data,cf92bf3cb7b99eac306db9921332dac9067c9c68,18dabb7d57d3fdc35073eddb41a6a6e0c2299968,60977451ea8d4f8638347edb,Tue May 11 2021 11:51:01 GMT+0300 (Israel Daylight Time),7ef9547a3949964dd966af3bd74e957a39f64f58
"{useragent:""null""}",mgr.js,Published,189,_session_data,cf92bf3cb7b99eac306db9921332dac9067c9c68,18dabb7d57d3fdc35073eddb41a6a6e0c2299968,60977451ea8d4f8638347edb,Tue May 11 2021 11:51:58 GMT+0300 (Israel Daylight Time),f327d3d5bf39f11d2b44cc3073adc5b70baa880e
"{useragent:""null""}",mgr.js,Published,190,_session_data,cf92bf3cb7b99eac306db9921332dac9067c9c68,18dabb7d57d3fdc35073eddb41a6a6e0c2299968,60977451ea8d4f8638347edb,Tue May 11 2021 11:52:45 GMT+0300 (Israel Daylight Time),f327d3d5bf39f11d2b44cc3073adc5b70baa880e
"{useragent:""null""}",mgr.js,Published,191,_session_data,cf92bf3cb7b99eac306db9921332dac9067c9c68,18dabb7d57d3fdc35073eddb41a6a6e0c2299968,60977451ea8d4f8638347edb,Tue May 11 2021 11:54:04 GMT+0300 (Israel Daylight Time),7ef9547a3949964dd966af3bd74e957a39f64f58
"{useragent:""null""}",mgr.js,Published,192,_session_data,cf92bf3cb7b99eac306db9921332dac9067c9c68,18dabb7d57d3fdc35073eddb41a6a6e0c2299968,60977451ea8d4f8638347edb,Tue May 11 2021 12:01:27 GMT+0300 (Israel Daylight Time),f327d3d5bf39f11d2b44cc3073adc5b70baa880e
"{useragent:""null""}",mgr.js,Published,193,_session_data,cf92bf3cb7b99eac306db9921332dac9067c9c68,18dabb7d57d3fdc35073eddb41a6a6e0c2299968,60977451ea8d4f8638347edb,Tue May 11 2021 12:03:36 GMT+0300 (Israel Daylight Time),f327d3d5bf39f11d2b44cc3073adc5b70baa880e
"{useragent:""null""}",mgr.js,Published,194,_session_data,cf92bf3cb7b99eac306db9921332dac9067c9c68,18dabb7d57d3fdc35073eddb41a6a6e0c2299968,60977451ea8d4f8638347edb,Tue May 11 2021 12:03:43 GMT+0300 (Israel Daylight Time),f327d3d5bf39f11d2b44cc3073adc5b70baa880e
"{useragent:""null""}",mgr.js,Published,195,_session_data,cf92bf3cb7b99eac306db9921332dac9067c9c68,18dabb7d57d3fdc35073eddb41a6a6e0c2299968,60977451ea8d4f8638347edb,Tue May 11 2021 12:16:03 GMT+0300 (Israel Daylight Time),f327d3d5bf39f11d2b44cc3073adc5b70baa880e
"{useragent:""null""}",mgr.js,Published,196,_session_data,cf92bf3cb7b99eac306db9921332dac9067c9c68,18dabb7d57d3fdc35073eddb41a6a6e0c2299968,60977451ea8d4f8638347edb,Tue May 11 2021 12:16:06 GMT+0300 (Israel Daylight Time),f327d3d5bf39f11d2b44cc3073adc5b70baa880e
"{useragent:""null""}",mgr.js,Published,197,_session_data,cf92bf3cb7b99eac306db9921332dac9067c9c68,18dabb7d57d3fdc35073eddb41a6a6e0c2299968,60977451ea8d4f8638347edb,Tue May 11 2021 12:16:08 GMT+0300 (Israel Daylight Time),f327d3d5bf39f11d2b44cc3073adc5b70baa880e
"{useragent:""null""}",mgr.js,Published,198,_session_data,cf92bf3cb7b99eac306db9921332dac9067c9c68,18dabb7d57d3fdc35073eddb41a6a6e0c2299968,60977451ea8d4f8638347edb,Tue May 11 2021 12:36:16 GMT+0300 (Israel Daylight Time),f327d3d5bf39f11d2b44cc3073adc5b70baa880e
"{useragent:""null""}",mgr.js,Published,199,_session_data,cf92bf3cb7b99eac306db9921332dac9067c9c68,18dabb7d57d3fdc35073eddb41a6a6e0c2299968,60977451ea8d4f8638347edb,Tue May 11 2021 12:36:25 GMT+0300 (Israel Daylight Time),f327d3d5bf39f11d2b44cc3073adc5b70baa880e
"{useragent:""null""}",mgr.js,Published,200,_session_data,cf92bf3cb7b99eac306db9921332dac9067c9c68,18dabb7d57d3fdc35073eddb41a6a6e0c2299968,60977451ea8d4f8638347edb,Tue May 11 2021 12:36:32 GMT+0300 (Israel Daylight Time),f327d3d5bf39f11d2b44cc3073adc5b70baa880e
"{useragent:""null""}",mgr.js,Published,201,_session_data,cf92bf3cb7b99eac306db9921332dac9067c9c68,18dabb7d57d3fdc35073eddb41a6a6e0c2299968,60977451ea8d4f8638347edb,Tue May 11 2021 12:36:35 GMT+0300 (Israel Daylight Time),f327d3d5bf39f11d2b44cc3073adc5b70baa880e
"{useragent:""null""}",mgr.js,Published,202,_session_data,cf92bf3cb7b99eac306db9921332dac9067c9c68,18dabb7d57d3fdc35073eddb41a6a6e0c2299968,60977451ea8d4f8638347edb,Tue May 11 2021 12:36:36 GMT+0300 (Israel Daylight Time),f327d3d5bf39f11d2b44cc3073adc5b70baa880e
"{useragent:""null""}",mgr.js,Published,203,_session_data,cf92bf3cb7b99eac306db9921332dac9067c9c68,18dabb7d57d3fdc35073eddb41a6a6e0c2299968,60977451ea8d4f8638347edb,Tue May 11 2021 12:36:38 GMT+0300 (Israel Daylight Time),f327d3d5bf39f11d2b44cc3073adc5b70baa880e
"{useragent:""null""}",mgr.js,Published,204,_session_data,cf92bf3cb7b99eac306db9921332dac9067c9c68,18dabb7d57d3fdc35073eddb41a6a6e0c2299968,60977451ea8d4f8638347edb,Tue May 11 2021 12:36:51 GMT+0300 (Israel Daylight Time),f327d3d5bf39f11d2b44cc3073adc5b70baa880e
"{useragent:""null""}",mgr.js,Published,205,_session_data,cf92bf3cb7b99eac306db9921332dac9067c9c68,18dabb7d57d3fdc35073eddb41a6a6e0c2299968,60977451ea8d4f8638347edb,Tue May 11 2021 12:37:02 GMT+0300 (Israel Daylight Time),f327d3d5bf39f11d2b44cc3073adc5b70baa880e
"{useragent:""null""}",mgr.js,Published,206,_session_data,cf92bf3cb7b99eac306db9921332dac9067c9c68,18dabb7d57d3fdc35073eddb41a6a6e0c2299968,60977451ea8d4f8638347edb,Tue May 11 2021 12:37:05 GMT+0300 (Israel Daylight Time),f327d3d5bf39f11d2b44cc3073adc5b70baa880e
"{useragent:""null""}",mgr.js,Published,207,_session_data,cf92bf3cb7b99eac306db9921332dac9067c9c68,18dabb7d57d3fdc35073eddb41a6a6e0c2299968,60977451ea8d4f8638347edb,Tue May 11 2021 12:37:27 GMT+0300 (Israel Daylight Time),7ef9547a3949964dd966af3bd74e957a39f64f58
"{useragent:""null""}",mgr.js,Published,208,_session_data,cf92bf3cb7b99eac306db9921332dac9067c9c68,18dabb7d57d3fdc35073eddb41a6a6e0c2299968,60977451ea8d4f8638347edb,Tue May 11 2021 12:37:30 GMT+0300 (Israel Daylight Time),f327d3d5bf39f11d2b44cc3073adc5b70baa880e
"{useragent:""null""}",mgr.js,Published,209,_session_data,cf92bf3cb7b99eac306db9921332dac9067c9c68,18dabb7d57d3fdc35073eddb41a6a6e0c2299968,60977451ea8d4f8638347edb,Tue May 11 2021 12:37:38 GMT+0300 (Israel Daylight Time),f327d3d5bf39f11d2b44cc3073adc5b70baa880e
"{useragent:""null""}",mgr.js,Published,210,_session_data,cf92bf3cb7b99eac306db9921332dac9067c9c68,18dabb7d57d3fdc35073eddb41a6a6e0c2299968,60977451ea8d4f8638347edb,Wed May 12 2021 20:29:35 GMT+0300 (Israel Daylight Time),f327d3d5bf39f11d2b44cc3073adc5b70baa880e
"{useragent:""null""}",mgr.js,Published,211,_session_data,cf92bf3cb7b99eac306db9921332dac9067c9c68,18dabb7d57d3fdc35073eddb41a6a6e0c2299968,60977451ea8d4f8638347edb,Wed May 12 2021 20:29:39 GMT+0300 (Israel Daylight Time),f327d3d5bf39f11d2b44cc3073adc5b70baa880e
"{useragent:""null""}",mgr.js,Published,212,_session_data,cf92bf3cb7b99eac306db9921332dac9067c9c68,18dabb7d57d3fdc35073eddb41a6a6e0c2299968,60977451ea8d4f8638347edb,Wed May 12 2021 20:29:42 GMT+0300 (Israel Daylight Time),f327d3d5bf39f11d2b44cc3073adc5b70baa880e
"{useragent:""null""}",mgr.js,Published,213,_session_data,cf92bf3cb7b99eac306db9921332dac9067c9c68,18dabb7d57d3fdc35073eddb41a6a6e0c2299968,60977451ea8d4f8638347edb,Wed May 12 2021 20:29:44 GMT+0300 (Israel Daylight Time),7ef9547a3949964dd966af3bd74e957a39f64f58
"{useragent:""null""}",mgr.js,Published,214,_session_data,cf92bf3cb7b99eac306db9921332dac9067c9c68,18dabb7d57d3fdc35073eddb41a6a6e0c2299968,60977451ea8d4f8638347edb,Wed May 12 2021 20:29:46 GMT+0300 (Israel Daylight Time),7ef9547a3949964dd966af3bd74e957a39f64f58
"{useragent:""null""}",mgr.js,Published,215,_session_data,cf92bf3cb7b99eac306db9921332dac9067c9c68,18dabb7d57d3fdc35073eddb41a6a6e0c2299968,60977451ea8d4f8638347edb,Wed May 12 2021 20:29:49 GMT+0300 (Israel Daylight Time),f327d3d5bf39f11d2b44cc3073adc5b70baa880e
"{useragent:""null""}",mgr.js,Published,216,_session_data,cf92bf3cb7b99eac306db9921332dac9067c9c68,18dabb7d57d3fdc35073eddb41a6a6e0c2299968,60977451ea8d4f8638347edb,Wed May 12 2021 20:29:51 GMT+0300 (Israel Daylight Time),7ef9547a3949964dd966af3bd74e957a39f64f58
"{useragent:""null""}",mgr.js,Published,217,_session_data,cf92bf3cb7b99eac306db9921332dac9067c9c68,18dabb7d57d3fdc35073eddb41a6a6e0c2299968,60977451ea8d4f8638347edb,Wed May 12 2021 20:29:52 GMT+0300 (Israel Daylight Time),f327d3d5bf39f11d2b44cc3073adc5b70baa880e
"{useragent:""null""}",mgr.js,Published,218,_session_data,cf92bf3cb7b99eac306db9921332dac9067c9c68,18dabb7d57d3fdc35073eddb41a6a6e0c2299968,60977451ea8d4f8638347edb,Wed May 12 2021 20:29:53 GMT+0300 (Israel Daylight Time),7ef9547a3949964dd966af3bd74e957a39f64f58
"{useragent:""null""}",mgr.js,Published,219,_session_data,cf92bf3cb7b99eac306db9921332dac9067c9c68,18dabb7d57d3fdc35073eddb41a6a6e0c2299968,60977451ea8d4f8638347edb,Wed May 12 2021 20:29:54 GMT+0300 (Israel Daylight Time),7ef9547a3949964dd966af3bd74e957a39f64f58
"{useragent:""null""}",mgr.js,Published,220,_session_data,cf92bf3cb7b99eac306db9921332dac9067c9c68,18dabb7d57d3fdc35073eddb41a6a6e0c2299968,60977451ea8d4f8638347edb,Wed May 12 2021 20:29:56 GMT+0300 (Israel Daylight Time),7ef9547a3949964dd966af3bd74e957a39f64f58
"{useragent:""null""}",mgr.js,Published,221,_session_data,cf92bf3cb7b99eac306db9921332dac9067c9c68,18dabb7d57d3fdc35073eddb41a6a6e0c2299968,60e53d6c9312cd2a8a7c5f81,Wed Jul 07 2021 08:36:44 GMT+0300 (Israel Daylight Time),
"{useragent:""null""}",mgr.js,Published,222,_session_data,cf92bf3cb7b99eac306db9921332dac9067c9c68,18dabb7d57d3fdc35073eddb41a6a6e0c2299968,60e6e84b755ab1350ff7a142,Thu Jul 08 2021 14:58:03 GMT+0300 (Israel Daylight Time),
"{useragent:""null""}",exp.js,Published,223,_session_data,3292791f0b482b69b6ddcc4a998d31e8889d1f08,dd9ba03e6ebcafee4cc15b987e55ac691f9bece6,60977451ea8d4f8638347edb,Thu Jul 08 2021 15:00:29 GMT+0300 (Israel Daylight Time),fddfd580da23cb4cb9cfcc2a21b28cbeb9bc6304
"{useragent:""null""}",exp.js,Published,224,_session_data,3292791f0b482b69b6ddcc4a998d31e8889d1f08,dd9ba03e6ebcafee4cc15b987e55ac691f9bece6,60977451ea8d4f8638347edb,Thu Jul 08 2021 15:03:19 GMT+0300 (Israel Daylight Time),fddfd580da23cb4cb9cfcc2a21b28cbeb9bc6304
"{useragent:""null""}",exp.js,Published,225,_session_data,3292791f0b482b69b6ddcc4a998d31e8889d1f08,dd9ba03e6ebcafee4cc15b987e55ac691f9bece6,60977451ea8d4f8638347edb,Thu Jul 08 2021 15:03:21 GMT+0300 (Israel Daylight Time),c2aba4f04274a17ec7142eca338345dbb6998869
"{useragent:""null""}",exp.js,Published,226,_session_data,3292791f0b482b69b6ddcc4a998d31e8889d1f08,dd9ba03e6ebcafee4cc15b987e55ac691f9bece6,60977451ea8d4f8638347edb,Thu Jul 08 2021 15:03:23 GMT+0300 (Israel Daylight Time),0a4df790aad2812c8f19efbfe1c78a659d4805f1
"{useragent:""null""}",exp.js,Published,227,_session_data,3292791f0b482b69b6ddcc4a998d31e8889d1f08,dd9ba03e6ebcafee4cc15b987e55ac691f9bece6,60977451ea8d4f8638347edb,Thu Jul 08 2021 15:03:25 GMT+0300 (Israel Daylight Time),fddfd580da23cb4cb9cfcc2a21b28cbeb9bc6304
"{useragent:""null""}",exp.js,Published,228,_session_data,3292791f0b482b69b6ddcc4a998d31e8889d1f08,dd9ba03e6ebcafee4cc15b987e55ac691f9bece6,60977451ea8d4f8638347edb,Thu Jul 08 2021 15:03:25 GMT+0300 (Israel Daylight Time),fddfd580da23cb4cb9cfcc2a21b28cbeb9bc6304
"{useragent:""null""}",exp.js,Published,229,_session_data,3292791f0b482b69b6ddcc4a998d31e8889d1f08,dd9ba03e6ebcafee4cc15b987e55ac691f9bece6,60977451ea8d4f8638347edb,Thu Jul 08 2021 15:03:26 GMT+0300 (Israel Daylight Time),fddfd580da23cb4cb9cfcc2a21b28cbeb9bc6304
"{useragent:""null""}",exp.js,Published,230,_session_data,3292791f0b482b69b6ddcc4a998d31e8889d1f08,dd9ba03e6ebcafee4cc15b987e55ac691f9bece6,60977451ea8d4f8638347edb,Thu Jul 08 2021 15:03:27 GMT+0300 (Israel Daylight Time),fddfd580da23cb4cb9cfcc2a21b28cbeb9bc6304
"{useragent:""null""}",exp.js,Published,231,_session_data,3292791f0b482b69b6ddcc4a998d31e8889d1f08,dd9ba03e6ebcafee4cc15b987e55ac691f9bece6,60977451ea8d4f8638347edb,Thu Jul 08 2021 15:03:32 GMT+0300 (Israel Daylight Time),fddfd580da23cb4cb9cfcc2a21b28cbeb9bc6304
"{useragent:""null""}",exp.js,Published,232,_session_data,3292791f0b482b69b6ddcc4a998d31e8889d1f08,dd9ba03e6ebcafee4cc15b987e55ac691f9bece6,60977451ea8d4f8638347edb,Thu Jul 08 2021 15:03:37 GMT+0300 (Israel Daylight Time),fddfd580da23cb4cb9cfcc2a21b28cbeb9bc6304
"{useragent:""null""}",exp.js,Published,233,_session_data,3292791f0b482b69b6ddcc4a998d31e8889d1f08,dd9ba03e6ebcafee4cc15b987e55ac691f9bece6,60977451ea8d4f8638347edb,Thu Jul 08 2021 15:03:39 GMT+0300 (Israel Daylight Time),fddfd580da23cb4cb9cfcc2a21b28cbeb9bc6304
"{useragent:""null""}",exp.js,Published,234,_session_data,3292791f0b482b69b6ddcc4a998d31e8889d1f08,dd9ba03e6ebcafee4cc15b987e55ac691f9bece6,60977451ea8d4f8638347edb,Thu Jul 08 2021 15:03:40 GMT+0300 (Israel Daylight Time),fddfd580da23cb4cb9cfcc2a21b28cbeb9bc6304
"{useragent:""null""}",exp.js,Published,235,_session_data,3292791f0b482b69b6ddcc4a998d31e8889d1f08,dd9ba03e6ebcafee4cc15b987e55ac691f9bece6,60977451ea8d4f8638347edb,Thu Jul 08 2021 15:03:43 GMT+0300 (Israel Daylight Time),fddfd580da23cb4cb9cfcc2a21b28cbeb9bc6304
"{useragent:""null""}",exp.js,Published,236,_session_data,3292791f0b482b69b6ddcc4a998d31e8889d1f08,dd9ba03e6ebcafee4cc15b987e55ac691f9bece6,60977451ea8d4f8638347edb,Thu Jul 08 2021 15:03:47 GMT+0300 (Israel Daylight Time),fddfd580da23cb4cb9cfcc2a21b28cbeb9bc6304
"{useragent:""null""}",exp.js,Published,237,_session_data,3292791f0b482b69b6ddcc4a998d31e8889d1f08,dd9ba03e6ebcafee4cc15b987e55ac691f9bece6,60977451ea8d4f8638347edb,Thu Jul 08 2021 15:03:48 GMT+0300 (Israel Daylight Time),fddfd580da23cb4cb9cfcc2a21b28cbeb9bc6304
"{useragent:""null""}",exp.js,Published,238,_session_data,3292791f0b482b69b6ddcc4a998d31e8889d1f08,dd9ba03e6ebcafee4cc15b987e55ac691f9bece6,60977451ea8d4f8638347edb,Thu Jul 08 2021 15:03:49 GMT+0300 (Israel Daylight Time),fddfd580da23cb4cb9cfcc2a21b28cbeb9bc6304
"{useragent:""null""}",exp.js,Published,239,_session_data,3292791f0b482b69b6ddcc4a998d31e8889d1f08,dd9ba03e6ebcafee4cc15b987e55ac691f9bece6,60977451ea8d4f8638347edb,Thu Jul 08 2021 15:03:56 GMT+0300 (Israel Daylight Time),fddfd580da23cb4cb9cfcc2a21b28cbeb9bc6304
"{useragent:""null""}",exp.js,Published,240,_session_data,3292791f0b482b69b6ddcc4a998d31e8889d1f08,dd9ba03e6ebcafee4cc15b987e55ac691f9bece6,60977451ea8d4f8638347edb,Thu Jul 08 2021 15:31:18 GMT+0300 (Israel Daylight Time),fddfd580da23cb4cb9cfcc2a21b28cbeb9bc6304
"{useragent:""null""}",exp.js,Published,241,_session_data,3292791f0b482b69b6ddcc4a998d31e8889d1f08,dd9ba03e6ebcafee4cc15b987e55ac691f9bece6,60977451ea8d4f8638347edb,Thu Jul 08 2021 15:31:21 GMT+0300 (Israel Daylight Time),fddfd580da23cb4cb9cfcc2a21b28cbeb9bc6304
"{useragent:""null""}",exp.js,Published,242,_session_data,3292791f0b482b69b6ddcc4a998d31e8889d1f08,dd9ba03e6ebcafee4cc15b987e55ac691f9bece6,60977451ea8d4f8638347edb,Thu Jul 08 2021 15:31:31 GMT+0300 (Israel Daylight Time),fddfd580da23cb4cb9cfcc2a21b28cbeb9bc6304
"{useragent:""null""}",exp.js,Published,243,_session_data,3292791f0b482b69b6ddcc4a998d31e8889d1f08,dd9ba03e6ebcafee4cc15b987e55ac691f9bece6,60977451ea8d4f8638347edb,Thu Jul 08 2021 15:31:37 GMT+0300 (Israel Daylight Time),fddfd580da23cb4cb9cfcc2a21b28cbeb9bc6304
"{useragent:""null""}",exp.js,Published,244,_session_data,3292791f0b482b69b6ddcc4a998d31e8889d1f08,dd9ba03e6ebcafee4cc15b987e55ac691f9bece6,60977451ea8d4f8638347edb,Thu Jul 08 2021 15:31:41 GMT+0300 (Israel Daylight Time),fddfd580da23cb4cb9cfcc2a21b28cbeb9bc6304
"{useragent:""null""}",exp.js,Published,245,_session_data,3292791f0b482b69b6ddcc4a998d31e8889d1f08,dd9ba03e6ebcafee4cc15b987e55ac691f9bece6,60977451ea8d4f8638347edb,Thu Jul 08 2021 15:31:42 GMT+0300 (Israel Daylight Time),fddfd580da23cb4cb9cfcc2a21b28cbeb9bc6304
"{useragent:""null""}",exp.js,Published,246,_session_data,3292791f0b482b69b6ddcc4a998d31e8889d1f08,dd9ba03e6ebcafee4cc15b987e55ac691f9bece6,60977451ea8d4f8638347edb,Thu Jul 08 2021 15:31:43 GMT+0300 (Israel Daylight Time),fddfd580da23cb4cb9cfcc2a21b28cbeb9bc6304
"{useragent:""null""}",exp.js,Published,247,_session_data,3292791f0b482b69b6ddcc4a998d31e8889d1f08,dd9ba03e6ebcafee4cc15b987e55ac691f9bece6,60977451ea8d4f8638347edb,Thu Jul 08 2021 15:31:43 GMT+0300 (Israel Daylight Time),fddfd580da23cb4cb9cfcc2a21b28cbeb9bc6304
"{useragent:""null""}",mgr.js,Published,249,_session_data,cf92bf3cb7b99eac306db9921332dac9067c9c68,a4de99dccafdc064c7b881306a2d4851c1f3b914,60ed370e2b84174e96bffeb3,Tue Jul 13 2021 09:47:42 GMT+0300 (Israel Daylight Time),
"{useragent:""null""}",mgr.js,Published,250,_session_data,cf92bf3cb7b99eac306db9921332dac9067c9c68,a4de99dccafdc064c7b881306a2d4851c1f3b914,60ed3874ce2757649b97dc95,Tue Jul 13 2021 09:53:40 GMT+0300 (Israel Daylight Time),
